{
    "PlayerthrustAttack1": {
        "fov": 0.7853981852531433,
        "fovEaseType": 0,
        "position": [
            0.0,
            0.0,
            -15.0
        ],
        "positionEaseType": 0,
        "rotation": [
            0.3839724659919739,
            0.0,
            0.0
        ],
        "rotationEaseType": 0,
        "timeMode": 1,
        "timePoint": 0.1599999964237213
    }
}
