{
    "PlayerHitBoundaryShake": {
        "axisFlag": 7,
        "easeType": 4,
        "maxTime": 0.8999999761581421,
        "shakeLength": 2.6600000858306885,
        "shakeType": 1,
        "startTime": 1.0
    }
}
