{
    "PlayerHitBoundaryShake": {
        "axisFlag": 3,
        "easeType": 4,
        "maxTime": 0.8999999761581421,
        "shakeLength": 1.8899999856948853,
        "shakeType": 0,
        "startTime": 1.0
    }
}
