{
    "bgmVolume": 0.8850001096725464,
    "masterVolume": 0.5050004720687866,
    "seVolume": 1.0
}