{
    "bgmVolume": 0.5078125,
    "masterVolume": 0.5078125,
    "seVolume": 0.50390625
}