{
    "bgmVolume": 0.50390625,
    "masterVolume": 0.50390625,
    "seVolume": 0.5078125
}