{
    "bgmVolume": 0.27734375,
    "masterVolume": 1.0,
    "seVolume": 0.640625
}