{
    "bgmVolume": 0.75390625,
    "masterVolume": 0.39453125,
    "seVolume": 0.3984375
}