{
    "bgmVolume": 0.5199996829032898,
    "masterVolume": 0.5949996113777161,
    "seVolume": 0.5249996781349182
}