{
    "a": {
        "adaptVec2AxisType": 2,
        "amplitude": 0.0,
        "backRatio": 0.0,
        "endValue": [
            4.0,
            12.039999961853027
        ],
        "finishType": 1,
        "maxTime": 0.20000000298023224,
        "period": 0.0,
        "startValue": [
            0.0,
            0.0
        ],
        "type": 0
    }
}