{
    "EnemyDeathSmoke": {
        "AdaptRotateIsX": false,
        "AdaptRotateIsY": false,
        "AdaptRotateIsZ": false,
        "BaseColor": [
            0.04901963472366333,
            0.04861914739012718,
            0.04661671072244644,
            1.0
        ],
        "Color Max": [
            0.0,
            0.0,
            0.0,
            0.0
        ],
        "Color Min": [
            0.0,
            0.0,
            0.0,
            0.0
        ],
        "Direction Max": [
            1.0,
            1.0,
            0.0
        ],
        "Direction Min": [
            -1.0,
            -1.0,
            0.0
        ],
        "Gravity": 4.800000190734863,
        "IntervalTime": 1.0,
        "LifeTime": 0.7400000095367432,
        "Particle Count": 34,
        "Position Base": [
            0.0,
            0.0,
            0.0
        ],
        "Position Max": [
            1.2999999523162842,
            1.0,
            0.0
        ],
        "Position Min": [
            -1.2000000476837158,
            -1.7999999523162842,
            0.0
        ],
        "Rotate Base": [
            0.0,
            0.0,
            0.0
        ],
        "Rotate Max": [
            0.0,
            0.0,
            0.0
        ],
        "Rotate Min": [
            0.0,
            0.0,
            0.0
        ],
        "RotateSpeed Max": [
            0.0,
            0.0,
            0.0
        ],
        "RotateSpeed Min": [
            0.0,
            0.0,
            0.0
        ],
        "Scale Max": 2.0,
        "Scale Min": 2.0,
        "ScaleV3 Max": [
            0.0,
            0.0,
            0.0
        ],
        "ScaleV3 Min": [
            0.0,
            0.0,
            0.0
        ],
        "Speed Max": 6.400000095367432,
        "Speed Min": -4.400000095367432,
        "Velocity Max": [
            1.5,
            1.5,
            1.0
        ],
        "Velocity Min": [
            -1.0,
            -1.0,
            -1.0
        ],
        "isAlphaNoMove": true,
        "isBillBord": true,
        "isMoveForRail": false,
        "isRotateforDirection": false,
        "isScalerScale": true,
        "isShot": true,
        "moveSpeed": 0.0,
        "preBillBordType_": 0,
        "scaleEaseParm.easeTypeInt": 0,
        "scaleEaseParm.endValueF.max": 0.0,
        "scaleEaseParm.endValueF.min": 0.0,
        "scaleEaseParm.endValueV3.max": [
            0.0,
            0.0,
            0.0
        ],
        "scaleEaseParm.endValueV3.min": [
            0.0,
            0.0,
            0.0
        ],
        "scaleEaseParm.isScaleEase": true,
        "scaleEaseParm.maxTime": 0.6399999856948853
    }
}
