{
    "PlayerMissile2": {
        "AdaptRotateIsX": false,
        "AdaptRotateIsY": false,
        "AdaptRotateIsZ": false,
        "BaseColor": [
            0.6470588445663452,
            0.6470588445663452,
            0.6470588445663452,
            0.0
        ],
        "Color Max": [
            0.5735294222831726,
            0.5735294222831726,
            0.5735294222831726,
            0.0
        ],
        "Color Min": [
            0.0,
            0.0,
            0.0,
            0.0
        ],
        "Direction Max": [
            0.0,
            0.0,
            0.0
        ],
        "Direction Min": [
            0.0,
            0.0,
            -1.0
        ],
        "Gravity": -50.5,
        "IntervalTime": 0.009999999776482582,
        "LifeTime": 0.23999999463558197,
        "Particle Count": 23,
        "Position Base": [
            0.0,
            0.800000011920929,
            0.0
        ],
        "Position Max": [
            0.10000000149011612,
            0.10000000149011612,
            0.0
        ],
        "Position Min": [
            -0.10000000149011612,
            -0.10000000149011612,
            -3.4000000953674316
        ],
        "Rotate Base": [
            0.0,
            0.0,
            0.0
        ],
        "Rotate Max": [
            0.0,
            0.0,
            0.0
        ],
        "Rotate Min": [
            0.0,
            0.0,
            0.0
        ],
        "RotateSpeed Max": [
            0.0,
            0.0,
            0.0
        ],
        "RotateSpeed Min": [
            0.0,
            0.0,
            0.0
        ],
        "Scale Max": 0.20000000298023224,
        "Scale Min": 0.10000000149011612,
        "ScaleV3 Max": [
            0.10000000149011612,
            0.10000000149011612,
            0.10000000149011612
        ],
        "ScaleV3 Min": [
            0.10000000149011612,
            0.10000000149011612,
            0.10000000149011612
        ],
        "Speed Max": 69.0,
        "Speed Min": 87.0,
        "SpeedV3 Max": [
            0.0,
            0.0,
            0.0
        ],
        "SpeedV3 Min": [
            0.0,
            0.0,
            0.0
        ],
        "UV IsRoop": false,
        "UV NumOfFrame": 1,
        "UV Pos": [
            0.0,
            0.0
        ],
        "UV Rotate": [
            0.0,
            0.0,
            0.0
        ],
        "UV ScroolSpeed": 0.0,
        "UV isFlipX": false,
        "UV isFlipY": false,
        "UV isScrool": false,
        "UV isScroolEachPixel": false,
        "blendMode": 1,
        "isAlphaNoMove": false,
        "isBillBord": true,
        "isFloatVelocity": true,
        "isMoveForRail": false,
        "isRailRoop": false,
        "isRotateforDirection": true,
        "isScalerScale": true,
        "isShot": false,
        "moveSpeed": 0.0,
        "preBillBordType_": 0,
        "scaleEaseParm.easeTypeInt": 0,
        "scaleEaseParm.endValueF.max": 0.0,
        "scaleEaseParm.endValueF.min": 0.0,
        "scaleEaseParm.endValueV3.max": [
            0.0,
            0.0,
            0.0
        ],
        "scaleEaseParm.endValueV3.min": [
            0.0,
            0.0,
            0.0
        ],
        "scaleEaseParm.isScaleEase": false,
        "scaleEaseParm.maxTime": 0.0,
        "selectedTexturePath_": "Resources/texture/default.png"
    }
}
