{
    "PlayerMissile1": {
        "AdaptRotateIsX": false,
        "AdaptRotateIsY": false,
        "AdaptRotateIsZ": false,
        "BaseColor": [
            0.936274528503418,
            0.936274528503418,
            0.936274528503418,
            0.0
        ],
        "Color Max": [
            0.9901960492134094,
            0.9707804322242737,
            0.9707804322242737,
            0.0
        ],
        "Color Min": [
            0.8774510025978088,
            0.8774510025978088,
            0.8774510025978088,
            0.0
        ],
        "Direction Max": [
            1.0,
            0.4000000059604645,
            1.0
        ],
        "Direction Min": [
            -1.0,
            0.0,
            -1.0
        ],
        "Gravity": 0.6000000238418579,
        "IntervalTime": 8.109999656677246,
        "LifeTime": 0.6200000047683716,
        "Particle Count": 1,
        "Position Base": [
            0.0,
            0.0,
            6.199999809265137
        ],
        "Position Max": [
            0.10000000149011612,
            0.8999999761581421,
            0.0
        ],
        "Position Min": [
            -0.20000000298023224,
            -0.30000001192092896,
            0.0
        ],
        "Rotate Base": [
            0.0,
            0.0,
            0.0
        ],
        "Rotate Max": [
            0.0,
            0.0,
            0.0
        ],
        "Rotate Min": [
            0.0,
            0.0,
            0.0
        ],
        "RotateSpeed Max": [
            0.0,
            0.0,
            0.0
        ],
        "RotateSpeed Min": [
            0.0,
            0.0,
            0.0
        ],
        "Scale Max": 1.0,
        "Scale Min": 1.0,
        "ScaleV3 Max": [
            0.0,
            0.0,
            0.0
        ],
        "ScaleV3 Min": [
            0.0,
            0.0,
            0.0
        ],
        "Speed Max": 0.699999988079071,
        "Speed Min": 1.100000023841858,
        "SpeedV3 Max": [
            7.599999904632568,
            0.800000011920929,
            0.0
        ],
        "SpeedV3 Min": [
            -7.0,
            0.10000000149011612,
            0.0
        ],
        "UV IsRoop": false,
        "UV NumOfFrame": 1,
        "UV Pos": [
            0.0,
            0.0
        ],
        "UV Rotate": [
            0.0,
            0.0,
            0.0
        ],
        "UV ScroolSpeed": 0.0,
        "UV isFlipX": false,
        "UV isFlipY": false,
        "UV isScrool": false,
        "UV isScroolEachPixel": false,
        "blendMode": 1,
        "isAlphaNoMove": false,
        "isBillBord": true,
        "isFloatVelocity": false,
        "isMoveForRail": false,
        "isRailRoop": false,
        "isRotateforDirection": false,
        "isScalerScale": false,
        "isShot": false,
        "moveSpeed": 0.0,
        "preBillBordType_": 0,
        "scaleEaseParm.easeTypeInt": 0,
        "scaleEaseParm.endValueF.max": 0.0,
        "scaleEaseParm.endValueF.min": 0.0,
        "scaleEaseParm.endValueV3.max": [
            2.700000047683716,
            1.7000000476837158,
            6.699999809265137
        ],
        "scaleEaseParm.endValueV3.min": [
            4.599999904632568,
            2.799999952316284,
            7.900000095367432
        ],
        "scaleEaseParm.isScaleEase": true,
        "scaleEaseParm.maxTime": 0.3499999940395355,
        "selectedTexturePath_": "Resources/texture/smoke.png"
    }
}
