{
    "PlayerShot3": {
        "AdaptRotateIsX": false,
        "AdaptRotateIsY": false,
        "AdaptRotateIsZ": true,
        "BaseColor": [
            0.906862735748291,
            0.3114398419857025,
            0.02667245827615261,
            0.0
        ],
        "Color Max": [
            0.8774510025978088,
            0.0989283099770546,
            0.0989283099770546,
            0.0
        ],
        "Color Min": [
            0.9166666865348816,
            0.0853758305311203,
            0.0853758305311203,
            0.0
        ],
        "Direction Max": [
            0.07000000029802322,
            0.0,
            0.0
        ],
        "Direction Min": [
            0.12999999523162842,
            0.0,
            0.0
        ],
        "Gravity": 0.0,
        "IntervalTime": 0.009999999776482582,
        "LifeTime": 0.23999999463558197,
        "Particle Count": 12,
        "Position Base": [
            0.0,
            0.0,
            0.0
        ],
        "Position Max": [
            0.0,
            0.0,
            0.0
        ],
        "Position Min": [
            0.0,
            0.0,
            0.0
        ],
        "Rotate Base": [
            0.0,
            0.0,
            0.0
        ],
        "Rotate Max": [
            0.0,
            0.0,
            131.0
        ],
        "Rotate Min": [
            0.0,
            0.0,
            -116.19999694824219
        ],
        "RotateSpeed Max": [
            0.0,
            0.0,
            0.0
        ],
        "RotateSpeed Min": [
            0.0,
            0.0,
            0.0
        ],
        "Scale Max": 1.0,
        "Scale Min": 1.0,
        "ScaleV3 Max": [
            -0.10000000149011612,
            3.0,
            0.10000000149011612
        ],
        "ScaleV3 Min": [
            0.10000000149011612,
            0.800000011920929,
            0.10000000149011612
        ],
        "Speed Max": 0.0,
        "Speed Min": 0.0,
        "SpeedV3 Max": [
            0.0,
            0.0,
            0.0
        ],
        "SpeedV3 Min": [
            0.0,
            0.0,
            0.0
        ],
        "UV IsRoop": false,
        "UV NumOfFrame": 1,
        "UV Pos": [
            0.0,
            0.0
        ],
        "UV Rotate": [
            0.0,
            0.0,
            0.0
        ],
        "UV ScroolSpeed": 0.0,
        "UV isFlipX": false,
        "UV isFlipY": false,
        "UV isScrool": false,
        "UV isScroolEachPixel": false,
        "blendMode": 1,
        "isAlphaNoMove": false,
        "isBillBord": true,
        "isFloatVelocity": true,
        "isMoveForRail": false,
        "isRailRoop": false,
        "isRotateforDirection": false,
        "isScalerScale": false,
        "isShot": true,
        "moveSpeed": 0.0,
        "preBillBordType_": 0,
        "scaleEaseParm.easeTypeInt": 2,
        "scaleEaseParm.endValueF.max": 0.0,
        "scaleEaseParm.endValueF.min": 0.0,
        "scaleEaseParm.endValueV3.max": [
            0.0,
            0.0,
            0.0
        ],
        "scaleEaseParm.endValueV3.min": [
            0.0,
            0.0,
            0.0
        ],
        "scaleEaseParm.isScaleEase": false,
        "scaleEaseParm.maxTime": 0.5600000023841858,
        "selectedTexturePath_": "Resources/texture/circle.png"
    }
}
