{
    "test1": {
        "AdaptRotateIsX": false,
        "AdaptRotateIsY": true,
        "AdaptRotateIsZ": false,
        "BaseColor": [
            0.6196078658103943,
            0.0,
            0.0,
            0.0
        ],
        "Color Max": [
            0.6225490570068359,
            0.15563726425170898,
            0.15563726425170898,
            0.0
        ],
        "Color Min": [
            0.46718811988830566,
            0.4950980544090271,
            0.45383989810943604,
            0.0
        ],
        "Direction Max": [
            -1.0,
            1.0,
            0.0
        ],
        "Direction Min": [
            1.0,
            -1.0,
            0.0
        ],
        "Gravity": -113.30000305175781,
        "IntervalTime": 1.0,
        "LifeTime": 0.6299999952316284,
        "Particle Count": 60,
        "Position Base": [
            0.0,
            0.0,
            0.0
        ],
        "Position Max": [
            0.0,
            0.0,
            0.0
        ],
        "Position Min": [
            0.0,
            0.0,
            0.0
        ],
        "Rotate Base": [
            0.0,
            0.0,
            0.0
        ],
        "Rotate Max": [
            0.0,
            0.0,
            0.0
        ],
        "Rotate Min": [
            0.0,
            0.0,
            0.0
        ],
        "RotateSpeed Max": [
            0.0,
            42.900001525878906,
            0.0
        ],
        "RotateSpeed Min": [
            0.0,
            56.0,
            0.0
        ],
        "Scale Max": 14.100000381469727,
        "Scale Min": 9.899999618530273,
        "ScaleV3 Max": [
            0.0,
            0.0,
            0.0
        ],
        "ScaleV3 Min": [
            0.0,
            0.0,
            0.0
        ],
        "Speed Max": 169.1999969482422,
        "Speed Min": 14.399999618530273,
        "SpeedV3 Max": [
            0.0,
            0.0,
            0.0
        ],
        "SpeedV3 Min": [
            0.0,
            0.0,
            0.0
        ],
        "UV IsRoop": false,
        "UV NumOfFrame": 1,
        "UV Pos": [
            0.0,
            0.0
        ],
        "UV Rotate": [
            0.0,
            0.0,
            0.0
        ],
        "UV ScroolSpeed": 0.0,
        "UV isFlipX": false,
        "UV isFlipY": false,
        "UV isScrool": false,
        "UV isScroolEachPixel": false,
        "blendMode": 1,
        "fov": 45.0,
        "fovEaseType": 0,
        "isAlphaNoMove": false,
        "isBillBord": true,
        "isFloatVelocity": true,
        "isMoveForRail": false,
        "isRailRoop": false,
        "isRotateforDirection": false,
        "isScalerScale": true,
        "isShot": false,
        "moveSpeed": 0.0,
        "position": [
            197.39999389648438,
            0.5,
            0.0
        ],
        "positionEaseType": 0,
        "preBillBordType_": 0,
        "rotation": [
            0.0,
            0.0,
            0.0
        ],
        "rotationEaseType": 0,
        "scaleEaseParm.easeTypeInt": 0,
        "scaleEaseParm.endValueF.max": 0.0,
        "scaleEaseParm.endValueF.min": 0.0,
        "scaleEaseParm.endValueV3.max": [
            0.0,
            0.0,
            0.0
        ],
        "scaleEaseParm.endValueV3.min": [
            0.0,
            0.0,
            0.0
        ],
        "scaleEaseParm.isScaleEase": false,
        "scaleEaseParm.maxTime": 0.0,
        "selectedTexturePath_": "resources/Texture/uvChecker.png",
        "timeMode": 1,
        "timePoint": 1.0
    }
}
