{
    "BackWingRight": {
        "inputRotationSpeed": 2.0,
        "offsetPos": [
            0.029999999329447746,
            -0.009999999776482582,
            -3.130000114440918
        ],
        "returnSpeed": 5.0
    }
}
