{
    "BackWingCenter": {
        "inputRotationSpeed": 0.009999999776482582,
        "offsetPos": [
            0.0,
            0.10999999940395355,
            -3.25
        ],
        "offsetRotate": [
            0.0,
            0.0,
            0.0
        ],
        "returnSpeed": 2.0,
        "scale": [
            4.230000019073486,
            3.049999952316284,
            2.5999999046325684
        ]
    }
}
