{
    "Bullets": {
        "breakRadius1": 0.0,
        "breakRadius2": 5.0,
        "damage1": 11.0,
        "damage2": 50.0,
        "intervalTime1": 0.009999999776482582,
        "intervalTime2": 0.2800000011920929,
        "lifeTime1": 0.4300000071525574,
        "lifeTime2": 4.760000228881836,
        "maxBulletNum1": 21,
        "maxBulletNum2": 2,
        "missileAcceleration": 35.61000061035156,
        "missileBurstInterval": 0.0,
        "missileMaxBurstCount": 0,
        "missileMaxSpeed": 444.0,
        "missileMaxTurnRate": 0.9800000190734863,
        "missileTrackingStrength": 44.43000030517578,
        "reloadTime1": 0.0,
        "reloadTime2": 2.0,
        "shotNum1": 1,
        "shotNum2": 1,
        "speed1": 666.0,
        "speed2": 150.0
    }
}
