{
    "Bullets": {
        "intervalTime1": 0.009999999776482582,
        "intervalTime2": 0.2800000011920929,
        "lifeTime1": 0.4300000071525574,
        "lifeTime2": 10.0,
        "maxBulletNum1": 21,
        "maxBulletNum2": 2,
        "missileBurstInterval": 0.0,
        "missileMaxBurstCount": 0,
        "missileMaxTurnRate": 0.23000000417232513,
        "missileTrackingStrength": 0.36000001430511475,
        "reloadTime1": 0.0,
        "reloadTime2": 2.0,
        "shotNum1": 1,
        "shotNum2": 1,
        "speed1": 666.0,
        "speed2": 350.0
    }
}
