{
    "Bullets": {
        "breakRadius1": 0.0,
        "breakRadius2": 5.0,
        "damage1": 11.0,
        "damage2": 50.0,
        "intervalTime1": 0.05999999865889549,
        "intervalTime2": 0.2800000011920929,
        "lifeTime1": 1.3200000524520874,
        "lifeTime2": 8.630000114440918,
        "maxBulletNum1": 21,
        "maxBulletNum2": 2,
        "missileAcceleration": 87.69999694824219,
        "missileBurstInterval": 0.0,
        "missileCooldownTime": 3.0,
        "missileMaxBurstCount": 0,
        "missileMaxSlots": 2,
        "missileMaxSpeed": 555.0,
        "missileMaxTurnRate": 1.3600000143051147,
        "missileShootInterval": 0.10000000149011612,
        "missileTrackingStrength": 43.310001373291016,
        "reloadTime1": 0.0,
        "reloadTime2": 2.0,
        "shotNum1": 1,
        "shotNum2": 1,
        "speed1": 666.0,
        "speed2": 312.42999267578125
    }
}
