{
    "DamageParUI": {
        "basePosition": [
            1092.0,
            503.5
        ],
        "baseScale": [
            1.0,
            1.0
        ],
        "digitScale": [
            0.019999999552965164,
            0.1899999976158142
        ],
        "digitSpacing": [
            27.0,
            0.0
        ],
        "percentOffset": [
            94.0,
            0.5
        ],
        "percentScale": [
            0.07000000029802322,
            0.20000000298023224
        ]
    }
}
