{
    "DamageText0": {
        "basePosition": [
            1045.0,
            504.5
        ],
        "baseScale": [
            0.18000000715255737,
            0.18000000715255737
        ],
        "symbolPos": [
            1098.1800537109375,
            505.20001220703125
        ],
        "symbolScale": [
            0.05000000074505806,
            0.23000000417232513
        ]
    }
}
