{
    "GameCamera": {
        "RotateOffsetX": 0.0,
        "cameraDistance": 20.0,
        "cameraHeight": 4.5,
        "cameraOffset": [
            0.0,
            17.299999237060547,
            -33.900001525878906
        ],
        "followDistance": 10.0,
        "followHeight": 2.0,
        "followSmoothness": 0.5299999713897705,
        "offset": [
            -0.30000001192092896,
            1.5399999618530273,
            -21.81999969482422
        ],
        "rollFollowFactor": 0.1899999976158142,
        "rollSmoothness": 1.0,
        "rotationOffset": [
            0.25,
            0.0,
            0.0
        ],
        "rotationSmoothness": 0.15000000596046448
    }
}
