{
    "GameCamera": {
        "RotateOffsetX": 0.0,
        "offset": [
            1.4500000476837158,
            1.159999966621399,
            1.8799999952316284
        ]
    }
}
