{
    "GameCamera": {
        "RotateOffsetX": 0.0,
        "cameraDistance": 20.0,
        "cameraHeight": 4.5,
        "offset": [
            -0.30000001192092896,
            1.5399999618530273,
            -21.81999969482422
        ]
    }
}
