{
    "GameCamera": {
        "RotateOffsetX": 0.0,
        "cameraDistance": 20.0,
        "cameraHeight": 4.5,
        "cameraOffset": [
            0.0,
            9.399999618530273,
            -14.699999809265137
        ],
        "followDistance": 10.0,
        "followHeight": 2.0,
        "followSmoothness": 0.5299999713897705,
        "offset": [
            -0.30000001192092896,
            1.5399999618530273,
            -21.81999969482422
        ],
        "rollFollowFactor": 0.1899999976158142,
        "rollSmoothness": 1.0,
        "rotationOffset": [
            0.23000000417232513,
            0.0,
            0.0
        ],
        "rotationSmoothness": 0.15000000596046448
    }
}
