{
    "GameCamera": {
        "RotateOffsetX": 0.0,
        "cameraDistance": 20.0,
        "cameraHeight": 4.5,
        "cameraOffset": [
            0.0,
            3.700000047683716,
            -14.100000381469727
        ],
        "cameraXYOffset": [
            0.0,
            3.890000104904175,
            0.0
        ],
        "cameraZOffsetMax": -23.889999389648438,
        "cameraZOffsetMin": -14.779999732971191,
        "followDistance": 10.0,
        "followHeight": 2.0,
        "followPitch": true,
        "followRoll": false,
        "followSmoothness": 0.10000000149011612,
        "followYaw": true,
        "offset": [
            -0.30000001192092896,
            1.5399999618530273,
            -21.81999969482422
        ],
        "rollFollowFactor": 0.1899999976158142,
        "rollSmoothness": 1.0,
        "rotationOffset": [
            0.07999999821186066,
            0.0,
            0.0
        ],
        "rotationSmoothness": 0.15000000596046448
    }
}
