{
    "GameCamera": {
        "RotateOffsetX": 0.0,
        "cameraDistance": 20.0,
        "cameraHeight": 4.5,
        "cameraOffset": [
            0.0,
            20.399999618530273,
            -26.799999237060547
        ],
        "followDistance": 10.0,
        "followHeight": 2.0,
        "followPitch": true,
        "followRoll": false,
        "followSmoothness": 0.10000000149011612,
        "followYaw": true,
        "offset": [
            -0.30000001192092896,
            1.5399999618530273,
            -21.81999969482422
        ],
        "rollFollowFactor": 0.1899999976158142,
        "rollSmoothness": 1.0,
        "rotationOffset": [
            0.4300000071525574,
            0.0,
            0.0
        ],
        "rotationSmoothness": 0.15000000596046448
    }
}
