{
    "GameCamera": {
        "RotateOffsetX": 0.0,
        "offset": [
            -0.30000001192092896,
            1.159999966621399,
            -14.350000381469727
        ]
    }
}
