{
    "LockOn": {
        "angleRange": 40.0,
        "maxDistance": 640.7000122070313,
        "minDistance": 300.0,
        "spriteScale": [
            0.20000000298023224,
            0.20000000298023224
        ],
        "targetChangeSpeed": 0.10000000149011612
    }
}
