{
    "LockOn": {
        "angleRange": 53.099998474121094,
        "availableTargetScale": [
            0.10000000149011612,
            0.10000000149011612
        ],
        "maxDistance": 640.7000122070313,
        "minDistance": 80.5999984741211,
        "spriteScale": [
            0.20000000298023224,
            0.20000000298023224
        ],
        "targetChangeSpeed": 0.10000000149011612
    }
}
