{
    "MissileUI0": {
        "basePosition": [
            1005.0,
            627.0
        ],
        "baseScale": [
            0.38999998569488525,
            0.38999998569488525
        ],
        "coolingColor": [
            0.15686273574829102,
            0.11610918492078781,
            0.11610918492078781
        ],
        "endAlpha": 0.3199999928474426,
        "redLineScale": [
            0.36000001430511475,
            0.36000001430511475
        ]
    }
}
