{
    "MissileUI1": {
        "basePosition": [
            1212.5,
            627.0
        ],
        "baseScale": [
            0.38999998569488525,
            0.38999998569488525
        ],
        "endAlpha": 0.3199999928474426,
        "redLineScale": [
            0.36000001430511475,
            0.36000001430511475
        ]
    }
}
