{
    "Player": {
        "forwardSpeed": 54.36000061035156,
        "hp": 100,
        "lateralSpeed": 30.420000076293945,
        "pitchSpeed": 300.0,
        "rollBackTime": 19.739999771118164,
        "rollSmoothness": 1.2000000476837158,
        "rollSpeed": 300.0,
        "speed": 50.0,
        "turnFactor": 5.769999980926514,
        "yawSpeed": 300.0
    }
}
