{
    "Player": {
        "bankRate": 0.8999999761581421,
        "downFactor": 11.819999694824219,
        "forwardSpeed": 50.0,
        "hp": 100,
        "lateralSpeed": 30.420000076293945,
        "pitchBackTime": 5.0,
        "pitchReturnThreshold": 11.0,
        "pitchSpeed": 100.0,
        "reverseDecisionValue": -0.5,
        "rollBackTime": 5.0,
        "rollRotateLimit": 40.0,
        "rollSmoothness": 1.2000000476837158,
        "rollSpeed": 4.0,
        "rotationSmoothness": 0.33500000834465027,
        "sideFactor": 4.079999923706055,
        "speed": 50.0,
        "turnFactor": 5.769999980926514,
        "yawSpeed": 100.0
    }
}
