{
    "Player": {
        "autoRecoverSpeed": 400.0,
        "autoRotateSpeed": 200.0,
        "bankRate": 0.8999999761581421,
        "brakeForwardSpeed": 30.0,
        "downFactor": 11.819999694824219,
        "forwardSpeed": 50.0,
        "hp": 100.0,
        "lateralSpeed": 30.420000076293945,
        "maxForwardSpeed": 200.0,
        "minForwardSpeed": 100.0,
        "minReboundVelocity": 0.10000000149011612,
        "pitchBackTime": 5.0,
        "pitchReturnThreshold": 5.0,
        "pitchSpeed": 100.0,
        "reboundDecay": 0.949999988079071,
        "reboundPower": 4.949999809265137,
        "reverseDecisionValue": -0.5,
        "rollBackTime": 5.0,
        "rollRotateLimit": 50.0,
        "rollRotateLimitOffset": 42.810001373291016,
        "rollSmoothness": 1.2000000476837158,
        "rollSpeed": 4.039999961853027,
        "rotationSmoothness": 0.30000001192092896,
        "sideFactor": 4.079999923706055,
        "speed": 50.0,
        "turnFactor": 5.769999980926514,
        "yawSpeed": 100.0
    }
}