{
    "PlayerLife": {
        "basePosition": [
            1105.5,
            608.0
        ],
        "baseScale": [
            0.30000001192092896,
            0.30000001192092896
        ],
        "colorByLifeStepCOUNT": [
            0.0,
            0.0,
            0.0
        ],
        "colorByLifeStepDAUNGER": [
            0.9117646813392639,
            0.06704153120517731,
            0.06704153120517731
        ],
        "colorByLifeStepFULL": [
            0.2652825117111206,
            0.9019607901573181,
            0.0
        ],
        "colorByLifeStepMIDDLE": [
            0.8235294222831726,
            0.7166700959205627,
            0.0968858078122139
        ],
        "lifeStepParCOUNT": 0.0,
        "lifeStepParDAUNGER": 9.9399995803833,
        "lifeStepParFULL": 80.20999908447266,
        "lifeStepParMIDDLE": 43.790000915527344
    }
}
