{
    "PlayerReticle": {
        "forwardDistance": 44.7400016784668,
        "scale": 0.09000000357627869
    }
}
