{
    "Player": {
        "forwardSpeed": 200.0,
        "hp": 100,
        "lateralSpeed": 30.420000076293945,
        "pitchBackTime": 5.0,
        "pitchReturnThreshold": 51.0,
        "pitchSpeed": 100.0,
        "rollBackTime": 5.0,
        "rollRotateLimit": 83.06999969482422,
        "rollSmoothness": 1.2000000476837158,
        "rollSpeed": 100.0,
        "rotationSmoothness": 0.925000011920929,
        "speed": 50.0,
        "turnFactor": 5.769999980926514,
        "yawSpeed": 100.0
    }
}
