{
    "Player": {
        "forwardSpeed": 200.0,
        "hp": 100,
        "lateralSpeed": 30.420000076293945,
        "pitchSpeed": 100.0,
        "rollBackTime": 2.380000114440918,
        "rollRotateLimit": 89.0,
        "rollSmoothness": 1.2000000476837158,
        "rollSpeed": 200.0,
        "rotationSmoothness": 0.3700000047683716,
        "speed": 50.0,
        "turnFactor": 5.769999980926514,
        "yawSpeed": 200.0
    }
}
