{
    "Player": {
        "forwardSpeed": 200.0,
        "hp": 100,
        "lateralSpeed": 30.420000076293945,
        "pitchBackTime": 2.049999952316284,
        "pitchReturnThreshold": 51.0,
        "pitchSpeed": 100.0,
        "rollBackTime": 0.0,
        "rollRotateLimit": 83.06999969482422,
        "rollSmoothness": 1.2000000476837158,
        "rollSpeed": 200.0,
        "rotationSmoothness": 0.3700000047683716,
        "speed": 50.0,
        "turnFactor": 5.769999980926514,
        "yawSpeed": 200.0
    }
}
