{
    "RightWing": {
        "inputRotationSpeed": 0.0,
        "offsetPos": [
            -0.12999999523162842,
            0.41999998688697815,
            -0.1599999964237213
        ],
        "offsetRotate": [
            0.0,
            0.0,
            0.0
        ],
        "returnSpeed": 1.100000023841858,
        "scale": [
            1.2000000476837158,
            1.0,
            1.0
        ]
    }
}
