{
    "SpotLight0": {
        "Color": [
            0.8234999775886536,
            0.5881999731063843,
            0.2078000009059906,
            1.0
        ],
        "Direction": [
            0.0,
            -1.0,
            0.0
        ],
        "Distance": 7.0,
        "Pos": [
            -4.739999771118164,
            -5.559999942779541,
            0.0
        ],
        "cosAngle": 0.5,
        "cosFalloffStart": 1.5,
        "decay": 0.05000000074505806,
        "intenesity": 5.0,
        "isMove": false
    }
}
