{
    "SpotLight1": {
        "Color": [
            0.2077999860048294,
            0.4794323146343231,
            0.8234999775886536,
            1.0
        ],
        "Direction": [
            0.0,
            -1.0,
            0.0
        ],
        "Distance": 7.0,
        "Pos": [
            2.5799999237060547,
            -4.28000020980835,
            0.0
        ],
        "cosAngle": 0.5,
        "cosFalloffStart": 1.5,
        "decay": 0.05000000074505806,
        "intenesity": 5.0,
        "isMove": false
    }
}
