{
    "TutorialMissionMoveY": {
        "gaugePos": [
            640.0,
            100.0
        ],
        "gaugeSize": [
            1.7999999523162842,
            0.0
        ],
        "inputThreshold": 0.10000000149011612,
        "maxWaitTime": 3.0,
        "requiredInputTime": 2.0,
        "showGauge": true,
        "spritePos": [
            640.0,
            100.0
        ]
    }
}
