{
    "TutorialMissionDiveHole": {
        "gaugePos": [
            365.75,
            117.1500015258789
        ],
        "gaugeSize": [
            0.0,
            0.0
        ],
        "inputThreshold": 0.10000000149011612,
        "maxWaitTime": 0.30000001192092896,
        "requiredInputTime": 2.0,
        "showGauge": true,
        "spritePos": [
            640.0,
            120.0
        ]
    }
}
